{"cameraMode":{"drawMode":0,"name":"Shaded","section":"Shading Mode"},"sceneLighting":true,"audioPlay":false,"sceneViewState":{"showFog":true,"showMaterialUpdate":false,"showSkybox":true,"showFlares":true,"showImageEffects":true,"showParticleSystems":true},"in2DMode":false,"pivot":{"x":2.7870798110961916,"y":-0.45933854579925539,"z":-0.18983273208141328},"rotation":{"x":-0.04311211034655571,"y":0.9549777507781982,"z":-0.1743616759777069,"w":-0.23612910509109498},"size":13.755267143249512,"orthographic":true}