{"cameraMode":{"drawMode":0,"name":"Shaded","section":"Shading Mode"},"sceneLighting":true,"audioPlay":false,"sceneViewState":{"showFog":true,"showMaterialUpdate":false,"showSkybox":true,"showFlares":true,"showImageEffects":true,"showParticleSystems":true},"in2DMode":false,"pivot":{"x":13.137130737304688,"y":4.052394866943359,"z":16.611167907714845},"rotation":{"x":-0.1839471161365509,"y":-0.7638364434242249,"z":0.24789050221443177,"w":-0.5668048858642578},"size":63.0833854675293,"orthographic":false}